Model,Accuracy,Precision,Recall,F1-Score,ROC-AUC
ALBERT,0.9577333333333333,1.0,0.9154666666666667,0.9558680217179452,0.9807949511111111
MuRIL,0.958,1.0,0.916,0.9561586638830898,0.9714021688888889
Ensemble,0.9577333333333333,1.0,0.9154666666666667,0.9558680217179452,0.9808364088888888
