Model,Dataset,Accuracy,F1-Score
ALBERT,Train,0.9577714285714286,0.955909551936042
MuRIL,Train,0.9578571428571429,0.9560029828486204
Ensemble,Train,0.9577714285714286,0.955909551936042
ALBERT,Val,0.9577333333333333,0.9558680217179452
MuRIL,Val,0.958,0.9561586638830898
Ensemble,Val,0.9577333333333333,0.9558680217179452
ALBERT,Test,0.9577333333333333,0.9558680217179452
MuRIL,Test,0.958,0.9561586638830898
Ensemble,Test,0.9577333333333333,0.9558680217179452
